Capture Timestamp,T,P : Percent Cmd_DoPreempt,WO: Ops p 0/1/2/3,WL: SumLatency p 0/1/2/3,WM: MaxLatency p 0/1/2/3,RO: Ops p 0/1/2/3,RL: SumLatency p 0/1/2/3,RM: MaxLatency p 0/1/2/3,E: Band Erases,F: Host Flushes,HR: Host Reads,HW: Host Writes,NR: Nand Reads,NW: Nand Writes,NUR: Nand Util Reads,NUW: Nand Util Writes,CW: Clog Writes,IW: Ind Writes,GC: GC Writes,PR: Prefetch Reads,PH: Prefetch Hits,PN: Prefetch fetch next ranges,AW: Writes that were handled by autowrite HW,WCD: Write cache dirty percentage,WCFB: Write cache free buffers percentage,GLT: GC L-only us,W : Wear Level Bands,BI: BLKS(SLC),BU: BLKS(MLC/TLC),BL: BLKS LVL,TH: Time in Hysteresis (ms),S : Free Segs,QOS,V : IndMem Free,ML: IndMem Lvl (C)hoke (E)extreme (A)low (0)good,X : Expedite Ok/Fail,U : Host unmaps,C : Host tags(Min/Max),UT: Update Time(us),NU: Updates,ST: Search Time(us),GMT: GC Move Time(us),NS: Searches,MB: Cache/Ind MBUs,IMM: Time Spent in Immediate Cmd (us),EX: Extra senses in MSP may slow read perf,Ti: IndMem #free tilesDT: delta for +freeTile/-fre,DT,DL,DM,DU,PUM,MTH,GCS,WA,GCD,GM,UE,GB,RH,RI,RR,GCN,OBC,SAJ,MAJ,LAJ,STI,MTI,LTI,TAJ,TBJ,GBJ,GUI,GTD,DTB,ABM,FRQ,CPU,CYC,INST,L2M,L2A,SMF,SMC,SMD,BO,OS,OV,CBDR_PA,CBDR_RD,REWS,RFRS,ADFH,ADHF,VBWR,VBRR,CFDWC,CFDRC,DLWD,DLRD,UWDF,URDF,DPQBI,DPQBO,
2026-08-08 04:06:43.295,344897,0,0/0/0/0,0/0/0/0,0/0/0/0,545/5/0/0,68517/737/0/0,329/239/0/0,0,0,2816,65,2816,0,0,0,0,0,0,0,0,0,100,0,49,0,0,432,3418,0/0,0,8077,0,29427616,0,0/0,0,0/12,0,0,965,0,561,20/13,0,0,30,0/0,0,0/0,0/0,0/0,4/62,0/0/0,0,0/0/0/0/0/0,0,0,86,0,0,0,0,0,0,0,0,6695,6695,4000,0,2147483647,2147483647,50,0,0,1,797,12,96631,72688,36,1478,1,0,0/0,0,0,0,0,0,0,0,1970,65,0,65,63,165,2868,0,2905,93,0,0,
,344997,0,0/6/0/0,0/1672/0/0,0/288/0/0,260/12/0/0,92676/1537/0/0,1989/229/0/0,0,0,2319,548,2319,680,0,0,8,3,0,0,0,0,98,0,50,0,0,432,3418,0/0,0,8121,0,29427568,0,0/0,10,0/12,1490,514,486,0,284,20/13,0,0,30,0/0,0,0/0,0/0,0/0,4/62,0/0/0,0,0/0/0/0/0/0,0,0,86,0,0,0,0,0,0,0,0,6695,6695,4000,0,2147483647,2147483647,50,0,0,1,798,14,118332,95775,123,1145,1,0,0/0,0,0,0,0,0,104,44,1201,324,15,576,154,526,2383,685,3077,1331,0,0,
,345097,0,0/0/0/0,0/0/0/0,0/0/0/0,307/6/0/0,46443/915/0/0,998/190/0/0,0,0,1924,219,1924,0,0,0,0,0,0,0,0,0,100,1,49,0,0,432,3418,0/0,0,8054,0,29427568,0,0/0,0,0/12,0,0,525,0,321,20/13,0,0,30,0/0,0,0/0,0/0,0/0,4/62,0/0/0,0,0/0/0/0/0/0,0,0,86,0,0,0,0,0,0,0,0,6695,6695,4000,0,2147483647,2147483647,50,0,0,0,796,8,66404,49416,30,927,1,0,0/0,0,0,0,0,0,0,0,1568,209,0,222,47,129,1968,0,2172,241,0,0,
,345196,0,0/0/0/0,0/0/0/0,0/0/0/0,395/18/2/0,69127/2669/1359/0,1611/245/1221/0,0,0,2933,186,2933,392,0,0,8,3,0,0,0,0,100,0,50,0,0,432,3418,0/0,0,8122,0,29427528,0,0/0,9,0/12,577,171,731,0,424,20/13,0,0,30,0/0,0,0/0,0/0,0/0,4/62,0/0/0,0,0/0/0/0/0/0,0,0,86,0,0,0,0,0,0,0,0,6695,6695,4000,0,2147483647,2147483647,50,0,0,0,797,13,103991,79376,78,1395,1,0,0/0,0,0,0,0,0,96,0,1009,86,0,185,100,334,3002,395,3301,610,0,0,
,345295,0,0/0/0/0,0/0/0/0,0/0/0/0,187/16/0/0,22920/2391/0/0,280/233/0/0,0,0,1234,249,1234,0,0,0,0,0,0,0,0,0,100,1,50,0,0,432,3418,0/0,0,8111,0,29427528,0,0/0,0,0/12,0,0,274,0,210,20/13,0,0,30,0/0,0,0/0,0/0,0/0,4/62,0/0/0,0,0/0/0/0/0/0,0,0,86,0,0,0,0,0,0,0,0,6695,6695,4000,0,2147483647,2147483647,50,0,0,1,796,5,43817,31720,20,665,1,0,0/0,0,0,0,0,0,0,0,534,249,0,250,29,82,1264,0,1503,261,0,0,
,345394,0,0/0/0/0,0/0/0/0,0/0/0/0,240/0/0/0,28378/0/0/0,254/0/0/0,0,0,1416,35,1416,0,0,0,0,0,0,0,0,0,100,1,50,0,0,432,3418,0/0,0,8105,0,29427528,0,0/0,0,0/12,0,0,372,0,245,20/13,0,0,30,0/0,0,0/0,0/0,0/0,4/62,0/0/0,0,0/0/0/0/0/0,0,0,86,0,0,0,0,0,0,0,0,6695,6695,4000,0,2147483647,2147483647,50,0,0,1,796,6,49411,36690,15,769,1,0,0/0,0,0,0,0,0,0,0,1124,35,0,35,30,73,1449,0,1470,49,0,0,
,345494,0,0/0/0/0,0/0/0/0,0/0/0/0,205/15/0/0,36461/2386/0/0,1499/268/0/0,0,0,1299,295,1299,480,0,0,0,0,0,0,0,0,100,0,50,0,0,432,3418,0/0,0,8064,0,29427440,0,0/0,0,0/12,516,151,330,0,227,20/13,0,0,30,0/0,0,0/0,0/0,0/0,4/62,0/0/0,0,0/0/0/0/0/0,0,0,86,0,0,0,0,0,0,0,0,6695,6695,4000,0,2147483647,2147483647,50,0,0,1,797,9,77055,57840,75,999,1,0,0/0,0,0,0,0,0,120,0,544,172,1,297,82,320,1358,483,1822,795,0,0,
,345594,0,0/0/0/0,0/0/0/0,0/0/0/0,140/2/0/0,35361/414/0/0,1540/208/0/0,0,0,1440,891,1440,968,0,0,8,3,0,0,0,0,100,0,51,0,0,432,3418,0/0,0,8070,1,29427576,0,0/0,1598,0/4,2598,470,289,0,146,20/13,0,0,30,0/0,0,0/0,0/0,0/0,4/62,0/0/0,0,0/0/0/0/0/0,0,0,86,0,0,0,0,0,0,0,0,6695,6695,4000,0,2147483647,2147483647,50,0,0,0,788,11,92063,71248,132,913,1,0,0/0,0,0,0,0,0,201,177,12,681,1,899,126,553,1457,975,2642,2151,0,0,
,345694,0,0/0/0/0,0/0/0/0,0/0/0/0,154/6/5/0,73147/768/610/0,1536/162/150/0,0,0,1046,493,1046,1360,0,0,16,6,0,0,0,0,100,0,51,0,0,432,3418,0/0,0,8089,1,29427736,0,0/0,820,0/14,6167,734,635,0,176,20/13,0,0,30,0/1,0,0/0,0/0,0/0,4/62,0/0/0,0,0/0/0/0/0/0,0,0,86,0,0,0,0,0,0,0,0,6695,6695,4000,0,2147483647,2147483647,50,0,0,1,711,21,150180,122617,230,1476,1,0,0/0,0,0,0,0,0,298,298,797,187,2,498,193,993,1112,1370,2043,2331,0,0,
,345793,0,0/0/0/0,0/0/0/0,0/0/0/0,33/4/0/0,6661/607/0/0,683/161/0/0,0,0,243,41,243,0,0,0,0,0,0,0,0,0,100,0,50,0,0,432,3418,0/0,0,8108,1,29427736,0,0/0,0,0/14,0,0,72,0,31,20/13,0,0,30,0/0,0,0/0,0/0,0/0,4/62,0/0/0,0,0/0/0/0/0/0,0,0,86,0,0,0,0,0,0,0,0,6695,6695,4000,0,2147483647,2147483647,50,0,0,0,619,2,14134,9365,9,178,1,0,0/0,0,0,0,0,0,0,0,115,41,0,41,8,33,225,0,263,43,0,0,
,345892,0,0/0/0/0,0/0/0/0,0/0/0/0,49/7/2/0,7603/1091/257/0,203/181/129/0,0,0,315,28,315,0,0,0,0,0,0,0,0,0,100,0,50,0,0,432,3418,0/0,0,8104,1,29427736,0,0/0,0,0/14,0,0,122,0,59,20/13,0,0,30,0/0,0,0/0,0/0,0/0,4/62,0/0/0,0,0/0/0/0/0/0,0,0,86,0,0,0,0,0,0,0,0,6695,6695,4000,0,2147483647,2147483647,50,0,0,1,599,2,17372,12181,6,271,1,0,0/0,0,0,0,0,0,0,0,112,28,0,28,9,30,325,0,350,31,0,0,
,345992,0,0/0/0/0,0/0/0/0,0/0/0/0,101/9/1/0,13792/1716/134/0,475/240/134/0,0,1,419,205,419,232,0,0,8,3,0,0,0,0,100,0,50,0,0,432,3418,0/0,0,8117,1,29427704,0,0/0,22,0/14,874,156,299,0,113,20/13,0,0,30,0/0,0,0/0,0/0,0/0,4/62,0/0/0,0,0/0/0/0/0/0,0,0,86,0,0,0,0,0,0,0,0,6695,6695,4000,0,2147483647,2147483647,50,0,0,0,619,8,53008,37663,56,633,0,1,0/1,0,0,0,0,0,56,56,153,121,1,206,56,231,441,233,726,531,0,0,
,346091,0,0/0/0/0,0/0/0/0,0/0/0/0,317/5/0/0,39080/753/0/0,524/176/0/0,0,0,1286,43,1286,0,0,0,0,0,0,0,0,0,100,0,50,0,0,432,3418,0/0,0,8107,1,29427704,0,0/0,0,0/14,0,0,617,0,327,20/13,0,0,30,0/0,0,0/0,0/0,0/0,4/62,0/0/0,0,0/0/0/0/0/0,0,0,86,0,0,0,0,0,0,0,0,6695,6695,4000,0,2147483647,2147483647,50,0,0,0,796,7,63087,46103,24,1011,0,0,0/0,0,0,0,0,0,0,0,389,43,0,43,36,109,1326,0,1356,56,0,0,
,346191,0,0/0/0/0,0/0/0/0,0/0/0/0,381/4/3/0,66034/620/459/0,1689/188/185/0,0,0,2623,383,2623,968,0,0,8,3,0,0,0,0,100,0,50,0,0,432,3418,0/0,0,8122,1,29427920,0,0/0,467,0/14,3898,655,581,0,395,20/13,0,0,30,0/0,0,0/0,0/0,0/0,4/62,0/0/0,0,0/0/0/0/0/0,0,0,86,0,0,0,0,0,0,0,0,6695,6695,4000,0,2147483647,2147483647,50,0,0,1,798,18,151252,123713,175,1714,1,1,0/1,0,0,0,0,0,297,278,1956,131,14,411,182,745,2697,975,3513,1809,0,0,
,346290,0,0/0/0/0,0/0/0/0,0/0/0/0,254/10/0/0,36308/1430/0/0,366/197/0/0,0,0,1950,20,1950,0,0,0,0,0,0,0,0,0,100,0,50,0,0,432,3418,0/0,0,8117,1,29427920,0,0/0,0,0/14,0,0,325,0,271,20/13,0,0,30,0/0,0,0/0,0/0,0/0,4/62,0/0/0,0,0/0/0/0/0/0,0,0,86,0,0,0,0,0,0,0,0,6695,6695,4000,0,2147483647,2147483647,50,0,0,0,796,6,52097,38568,20,787,1,0,0/0,0,0,0,0,0,0,0,1141,20,0,20,34,84,1987,0,1988,39,0,0,
,346390,0,0/0/0/0,0/0/0/0,0/0/0/0,190/21/7/0,28538/2979/935/0,337/236/162/0,0,0,1686,23,1693,0,0,0,0,0,0,0,0,0,100,0,50,0,0,432,3418,0/0,0,8110,1,29427920,0,0/0,0,0/14,0,0,424,0,224,20/13,0,0,30,0/0,0,0/0,0/0,0/0,4/62,0/0/0,0,0/0/0/0/0/0,0,0,86,0,0,0,0,0,0,0,0,6695,6695,4000,0,2147483647,2147483647,50,0,0,1,736,6,47198,34414,17,727,1,0,0/0,0,0,0,0,0,0,0,585,23,0,23,33,79,1735,0,1742,39,0,0,
,346489,0,0/0/0/0,0/0/0/0,0/0/0/0,226/12/0/0,42245/2255/0/0,786/323/0/0,0,0,2092,33,2085,0,0,0,0,0,0,0,0,0,100,0,50,0,0,432,3418,0/0,0,8105,1,29427920,0,0/0,0,0/14,0,0,620,0,243,20/13,0,0,30,0/0,0,0/0,0/0,0/0,4/62,0/0/0,0,0/0/0/0/0/0,0,0,86,0,0,0,0,0,0,0,0,6695,6695,4000,0,2147483647,2147483647,50,0,0,1,619,8,54400,40095,20,785,1,0,0/0,0,0,0,0,0,0,0,1338,33,0,33,40,97,2127,0,2140,53,0,0,
,346589,0,0/0/0/0,0/0/0/0,0/0/0/0,306/19/20/0,53745/2393/2707/0,1840/391/205/0,0,0,1737,180,1737,288,0,0,0,0,0,0,0,0,100,0,50,0,0,432,3418,0/0,0,8122,0,29427864,0,0/0,31,0/8,1188,200,743,0,352,20/13,0,0,30,0/0,0,0/0,0/0,0/0,4/62,0/0/0,0,0/0/0/0/0/0,0,0,86,0,0,0,0,0,0,0,0,6695,6695,4000,0,2147483647,2147483647,50,0,0,0,740,13,99963,73806,94,1354,1,0,0/0,0,0,0,0,0,146,141,939,95,37,254,110,418,1790,290,2207,702,0,0,
,346689,0,0/0/0/0,0/0/0/0,0/0/0/0,74/12/0/0,14247/3572/0/0,790/741/0/0,0,0,851,276,851,488,0,0,8,3,0,0,0,0,100,0,50,0,0,432,3418,0/0,0,8119,0,29427896,0,0/0,419,0/8,2052,449,163,0,90,20/13,0,0,30,0/0,0,0/0,0/0,0/0,4/62,0/0/0,0,0/0/0/0/0/0,0,0,86,0,0,0,0,0,0,0,0,6695,6695,4000,0,2147483647,2147483647,50,0,0,0,798,9,74660,55768,134,783,1,0,0/0,0,0,0,0,0,241,302,688,154,62,400,119,556,876,491,1569,1236,0,0,
,346788,0,0/0/0/0,0/0/0/0,0/0/0/0,44/24/10/0,8361/3606/1572/0,577/215/189/0,0,0,502,20,502,0,0,0,0,0,0,0,0,0,100,0,50,0,0,432,3418,0/0,0,8114,0,29427896,0,0/0,0,0/8,0,0,154,0,80,20/13,0,0,30,0/0,0,0/0,0/0,0/0,4/62,0/0/0,0,0/0/0/0/0/0,0,0,86,0,0,0,0,0,0,0,0,6695,6695,4000,0,2147483647,2147483647,50,0,0,1,796,2,20947,14776,13,281,1,0,0/0,0,0,0,0,0,0,0,295,20,0,20,16,49,515,0,530,25,0,0,
,346888,0,0/0/0/0,0/0/0/0,0/0/0/0,152/9/5/0,19631/7237/811/0,322/1383/190/0,0,0,1268,202,1268,48,0,0,0,0,0,0,0,0,100,1,49,0,0,432,3418,0/0,0,7957,0,29427888,0,0/0,0,0/8,76,5,335,0,167,20/13,0,0,30,0/0,0,0/0,0/0,0/0,4/62,0/0/0,0,0/0/0/0/0/0,0,0,86,0,0,0,0,0,0,0,0,6695,6695,4000,0,2147483647,2147483647,50,0,0,1,797,6,49498,34911,39,700,1,0,0/0,0,0,0,0,0,0,8,861,107,1,203,44,182,1299,48,1490,279,0,0,
,346988,0,0/0/0/0,0/0/0/0,0/0/0/0,80/66/0/0,19320/5900/0/0,1500/154/0/0,0,0,810,243,810,872,0,0,8,3,0,0,0,0,100,0,51,0,0,432,3418,0/0,0,8119,0,29427872,0,0/0,811,0/8,3064,564,352,0,150,20/13,0,0,29,0/1,0,0/0,0/0,0/0,4/62,0/0/0,0,0/0/0/0/0/0,0,0,86,0,0,0,0,0,0,0,0,6695,6695,4000,0,2147483647,2147483647,50,0,0,0,765,13,105399,80024,170,1066,1,0,0/0,0,0,0,0,0,338,407,535,92,86,415,158,710,844,878,1670,1749,0,0,
,347087,0,0/0/0/0,0/0/0/0,0/0/0/0,84/7/10/0,13634/1152/1220/0,932/189/183/0,0,0,734,19,734,0,0,0,0,0,0,0,0,0,100,0,51,0,0,432,3418,0/0,0,8117,0,29427872,0,0/0,0,0/8,0,0,224,0,102,20/13,0,3,29,0/0,0,0/0,0/0,0/0,3/62,0/0/0,0,0/0/0/0/0/0,0,0,86,0,0,0,0,0,0,0,0,6695,6695,4000,0,2147483647,2147483647,50,0,0,0,608,4,25498,17499,14,394,1,0,0/0,0,0,0,0,0,0,0,224,19,0,19,17,54,754,0,766,26,0,0,
,347187,0,0/0/0/0,0/0/0/0,0/0/0/0,55/12/0/0,9124/7855/0/0,346/1570/0/0,0,0,999,452,999,1176,0,0,24,2,0,0,0,0,100,0,49,0,0,432,3418,0/0,0,8036,0,29427968,0,0/0,319,0/8,4207,510,205,0,70,20/13,0,0,29,0/0,0,0/0,0/0,0/0,3/62,0/0/0,0,0/0/0/0/0/0,0,0,86,0,0,0,0,0,0,0,0,6695,6695,4000,0,2147483647,2147483647,50,0,0,0,599,17,107404,83297,148,921,1,0,0/0,0,0,0,0,0,245,0,780,185,3,890,173,697,1032,1112,2281,2237,0,0,
,347286,0,0/0/0/0,0/0/0/0,0/0/0/0,117/14/8/0,18477/3356/1027/0,980/1321/179/0,0,0,1002,0,1002,96,0,0,0,0,0,0,0,0,0,0,50,0,0,432,3418,0/0,0,8124,0,29427960,0,0/0,25,0/8,616,88,253,0,141,20/13,0,4,29,0/0,0,0/0,0/0,0/0,3/62,0/0/0,0,0/0/0/0/0/0,0,0,86,0,0,0,0,0,0,0,0,6695,6695,4000,0,2147483647,2147483647,50,0,0,1,712,5,40211,27978,36,564,1,0,0/0,0,0,0,0,0,36,0,497,0,0,0,35,154,1030,169,1071,178,0,0,
,347386,0,0/0/0/0,0/0/0/0,0/0/0/0,259/8/0/0,42970/1264/0/0,1401/338/0/0,0,0,1969,187,1968,200,0,0,8,3,0,0,0,0,100,0,50,0,0,432,3418,0/0,0,8120,0,29427944,0,0/0,19,0/8,471,101,475,0,275,20/13,0,0,29,0/0,0,0/0,0/0,0/0,3/62,0/0/0,0,0/0/0/0/0/0,0,0,86,0,0,0,0,0,0,0,0,6695,6695,4000,0,2147483647,2147483647,50,0,0,0,782,9,72147,51436,68,1028,1,0,0/0,0,0,0,0,0,48,24,221,127,1,188,73,286,2015,201,2257,448,0,0,
,347485,0,0/0/0/0,0/0/0/0,0/0/0/0,280/5/0/0,67632/2131/0/0,1581/1685/0/0,0,0,2985,227,2985,288,0,0,0,0,0,0,0,0,100,0,50,0,0,432,3418,0/0,0,8116,0,29427904,0,0/0,68,0/9,741,153,572,0,294,20/13,0,0,29,0/0,0,0/0,0/0,0/0,3/62,0/0/0,0,0/0/0/0/0/0,0,0,86,0,0,0,0,0,0,0,0,6695,6695,4000,0,2147483647,2147483647,50,0,0,1,797,11,91301,69575,68,1088,1,0,0/0,0,0,0,0,0,24,24,1811,157,0,228,87,305,3065,290,3300,584,0,0,
,347584,0,0/0/0/0,0/0/0/0,0/0/0/0,392/3/0/0,52885/346/0/0,1097/158/0/0,0,0,2556,262,2556,192,0,0,0,0,0,0,0,0,100,0,49,0,0,432,3418,0/0,0,8114,0,29427920,0,0/0,95,0/7,889,191,606,0,405,20/13,0,0,29,0/0,0,0/0,0/0,0/0,3/62,0/0/0,0,0/0/0/0/0/0,0,0,86,0,0,0,0,0,0,0,0,6695,6695,4000,0,2147483647,2147483647,50,0,0,1,797,12,95754,73189,77,1201,1,0,0/0,0,0,0,0,0,48,48,617,187,0,264,96,325,2603,193,2914,555,0,0,
,347684,0,0/0/0/0,0/0/0/0,0/0/0/0,130/93/2/0,46295/36839/2987/0,4044/2864/1499/0,0,0,1425,1447,1425,1640,0,0,8,3,0,0,0,0,100,0,50,0,0,432,3418,0/0,0,8115,0,29427976,0,0/0,416,0/7,1927,443,526,0,231,20/13,0,0,29,0/0,0,0/0,0/0,0/0,3/62,0/0/0,0,0/0/0/0/0/0,0,0,86,0,0,0,0,0,0,0,0,6695,6695,4000,0,2147483647,2147483647,50,0,0,1,798,13,107244,80987,128,1243,1,0,0/0,0,0,0,0,0,362,362,683,1279,2,1459,134,543,1475,1652,3460,3664,0,0,
,347784,0,0/0/0/0,0/0/0/0,0/0/0/0,222/31/4/0,51183/15076/693/0,2962/3540/196/0,0,0,1974,391,1974,680,0,0,8,3,0,0,0,0,100,0,51,0,0,432,3418,0/0,0,8124,0,29428072,0,0/0,1386,0/8,1923,366,498,0,266,20/13,0,0,29,1/0,0,0/0,0/0,0/0,3/62,0/0/0,0,0/0/0/0/0/0,0,0,86,0,0,0,0,0,0,0,0,6695,6695,4000,0,2147483647,2147483647,50,0,0,0,798,12,99512,76576,105,1177,1,0,0/0,0,0,0,0,0,169,169,265,265,1,394,115,450,2024,685,2651,1353,0,0,
,347883,0,0/0/0/0,0/0/0/0,0/0/0/0,271/0/0/0,35780/0/0/0,628/0/0/0,0,0,1780,116,1780,0,0,0,0,0,0,0,0,0,100,0,49,0,0,432,3418,0/0,0,8113,0,29428072,0,0/0,0,0/8,0,0,473,0,278,20/13,0,0,29,0/0,0,0/0,0/0,0/0,3/62,0/0/0,0,0/0/0/0/0/0,0,0,86,0,0,0,0,0,0,0,0,6695,6695,4000,0,2147483647,2147483647,50,0,0,0,796,7,56191,41251,23,860,1,0,0/0,0,0,0,0,0,0,0,682,114,0,116,38,100,1820,0,1920,133,0,0,
,347983,0,0/0/0/0,0/0/0/0,0/0/0/0,11/35/5/12,1542/8726/649/1332,162/3588/164/173,0,0,155,200,155,392,0,0,8,3,0,0,0,0,100,0,51,0,0,432,3418,0/0,0,8123,0,29428032,0,0/0,204,0/8,1499,288,191,0,63,20/13,0,0,29,0/1,0,0/0,0/0,0/0,3/62,0/0/0,0,0/0/0/0/0/0,0,0,86,0,0,0,0,0,0,0,0,6695,6695,4000,0,2147483647,2147483647,50,0,0,0,798,6,53910,42622,77,498,1,0,0/0,0,0,0,0,0,176,153,96,101,25,250,82,332,168,395,655,830,0,0,
,348083,0,0/0/0/0,0/0/0/0,0/0/0/0,134/45/0/0,90780/6021/0/0,6263/1371/0/0,1,0,724,1491,724,2504,0,0,8,3,0,0,0,0,100,0,50,0,0,432,3386,0/0,0,8043,0,29428128,0,0/0,314,0/8,2426,456,446,0,179,20/13,0,0,29,0/0,0,0/0,0/0,0/0,3/62,0/0/0,0,0/0/0/0/0/0,0,0,86,0,0,0,0,0,0,0,0,6695,6695,4000,0,2147483647,2147483647,50,0,1,0,797,21,174682,131084,223,1810,1,0,0/0,0,0,0,0,0,2199,2068,440,1319,177,3926,260,958,768,2523,5718,8272,0,0,
,348182,0,0/0/0/0,0/0/0/0,0/0/0/0,285/7/19/0,39766/1145/3076/0,432/280/277/0,0,0,2438,56,2438,96,0,0,0,0,0,0,0,0,100,0,50,0,0,432,3386,0/0,0,8120,0,29428120,0,0/0,13,0/8,362,81,539,0,315,20/13,0,0,29,0/0,0,0/0,0/0,0/0,3/62,0/0/0,0,0/0/0/0/0/0,0,0,86,0,0,0,0,0,0,0,0,6695,6695,4000,0,2147483647,2147483647,50,0,0,0,796,8,69823,52077,42,1027,1,0,0/0,0,0,0,0,0,12,0,486,56,0,56,58,183,2494,96,2544,176,0,0,
,348281,0,0/0/0/0,0/0/0/0,0/0/0/0,165/8/0/0,24580/1252/0/0,1413/252/0/0,0,0,1125,163,1125,288,0,0,0,0,0,0,0,0,100,0,50,0,0,432,3386,0/0,0,8124,0,29428072,0,0/0,24,0/8,879,154,327,0,174,20/13,0,0,29,0/0,0,0/0,0/0,0/0,3/62,0/0/0,0,0/0/0/0/0/0,0,0,86,0,0,0,0,0,0,0,0,6695,6695,4000,0,2147483647,2147483647,50,0,0,1,797,8,64653,49535,54,748,1,0,0/0,0,0,0,0,0,53,0,336,80,1,164,68,248,1156,290,1388,466,0,0,
,348380,0,0/0/0/0,0/0/0/0,0/0/0/0,134/19/6/0,18255/3289/788/0,388/265/156/0,0,0,994,0,994,0,0,0,0,0,0,0,0,0,0,0,50,0,0,432,3386,0/0,0,8124,0,29428072,0,0/0,0,0/8,0,0,299,0,160,20/13,0,0,29,0/0,0,0/0,0/0,0/0,3/62,0/0/0,0,0/0/0/0/0/0,0,0,86,0,0,0,0,0,0,0,0,6695,6695,4000,0,2147483647,2147483647,50,0,0,1,796,4,33866,24518,15,523,1,0,0/0,0,0,0,0,0,0,0,275,0,0,0,21,63,1018,0,1009,9,0,0,
,348480,0,0/0/0/0,0/0/0/0,0/0/0/0,97/0/0/0,14666/0/0/0,335/0/0/0,0,0,748,5,748,0,0,0,0,0,0,0,0,0,100,0,50,0,0,432,3386,0/0,0,8119,0,29428072,0,0/0,0,0/8,0,0,162,0,97,20/13,0,0,29,0/0,0,0/0,0/0,0/0,3/62,0/0/0,0,0/0/0/0/0/0,0,0,86,0,0,0,0,0,0,0,0,6695,6695,4000,0,2147483647,2147483647,50,0,0,0,796,2,23706,17267,8,349,1,0,0/0,0,0,0,0,0,0,0,97,5,0,5,14,40,765,0,763,12,0,0,
,348580,0,0/0/0/0,0/0/0/0,0/0/0/0,295/38/8/0,52631/45138/2768/0,3785/5281/784/0,1,0,2359,90,2359,96,0,0,0,0,0,0,0,0,100,0,50,0,0,432,3386,0/0,0,8121,0,29428096,0,0/0,1098,0/12,533,146,609,0,349,20/13,0,0,29,0/0,0,0/0,0/0,0/0,3/62,0/0/0,0,0/0/0/0/0/0,0,0,86,0,0,0,0,0,0,0,0,6695,6695,4000,0,2147483647,2147483647,50,0,0,1,797,10,83739,62650,57,1163,1,0,0/0,0,0,0,0,0,24,24,685,37,0,90,77,271,2414,96,2517,247,0,0,
,348679,0,0/0/0/0,0/0/0/0,0/0/0/0,197/16/1/4,25291/2484/160/502,332/266/160/151,0,0,1062,7,1062,0,0,0,0,0,0,0,0,0,100,0,50,0,0,432,3386,0/0,0,8119,0,29428096,0,0/0,0,0/12,0,0,435,0,221,20/13,0,0,29,0/0,0,0/0,0/0,0/0,3/62,0/0/0,0,0/0/0/0/0/0,0,0,86,0,0,0,0,0,0,0,0,6695,6695,4000,0,2147483647,2147483647,50,0,0,1,796,5,45175,32791,18,749,1,0,0/0,0,0,0,0,0,0,0,570,7,0,7,28,77,1093,0,1089,17,0,0,
,348778,0,0/0/0/0,0/0/0/0,0/0/0/0,248/0/0/0,26205/0/0/0,183/0/0/0,0,0,1001,0,1001,0,0,0,0,0,0,0,0,0,0,0,50,0,0,432,3386,0/0,0,8119,0,29428096,0,0/0,0,0/12,0,0,571,0,250,20/13,0,0,29,0/0,0,0/0,0/0,0/0,3/62,0/0/0,0,0/0/0/0/0/0,0,0,86,0,0,0,0,0,0,0,0,6695,6695,4000,0,2147483647,2147483647,50,0,0,1,796,6,49131,36627,13,793,1,0,0/0,0,0,0,0,0,0,0,918,0,0,0,27,70,1030,0,1020,10,0,0,
,348878,0,0/0/0/0,0/0/0/0,0/0/0/0,327/13/5/0,43192/1967/795/0,776/276/215/0,0,0,2190,120,2190,0,0,0,0,0,0,0,0,0,100,0,50,0,0,432,3386,0/0,0,8108,0,29428096,0,0/0,0,0/12,0,0,704,0,351,20/13,0,4,29,0/0,0,0/0,0/0,0/0,3/62,0/0/0,0,0/0/0/0/0/0,0,0,86,0,0,0,0,0,0,0,0,6695,6695,4000,0,2147483647,2147483647,50,0,0,1,796,8,69855,51804,21,1124,1,0,0/0,0,0,0,0,0,0,0,1300,120,0,120,45,107,2248,0,2347,141,0,0,
,348977,0,0/0/0/0,0/0/0/0,0/0/0/0,137/15/0/0,17485/2390/0/0,262/247/0/0,0,0,736,1,736,0,0,0,0,0,0,0,0,0,100,0,50,0,0,432,3386,0/0,0,8108,0,29428096,0,0/0,0,0/12,0,0,290,0,154,20/13,0,0,29,0/0,0,0/0,0/0,0/0,3/62,0/0/0,0,0/0/0/0/0/0,0,0,86,0,0,0,0,0,0,0,0,6695,6695,4000,0,2147483647,2147483647,50,0,0,0,796,3,31532,23132,10,515,1,0,0/0,0,0,0,0,0,0,0,344,1,0,1,18,50,754,0,748,8,0,0,
,349077,0,0/0/0/0,0/0/0/0,0/0/0/0,167/10/11/0,26599/1407/1661/0,658/193/262/0,0,0,1670,2,1670,0,0,0,0,0,0,0,0,0,100,0,50,0,0,432,3386,0/0,0,8106,0,29428096,0,0/0,0,0/12,0,0,352,0,195,20/13,0,0,29,0/0,0,0/0,0/0,0/0,3/62,0/0/0,0,0/0/0/0/0/0,0,0,86,0,0,0,0,0,0,0,0,6695,6695,4000,0,2147483647,2147483647,50,0,0,1,796,5,42579,31600,14,660,1,0,0/0,0,0,0,0,0,0,0,460,2,0,2,27,64,1708,0,1694,18,0,0,
,349177,0,0/0/0/0,0/0/0/0,0/0/0/0,178/4/0/0,52239/471/0/0,1711/153/0/0,0,0,1875,384,1873,880,0,0,16,6,0,0,0,0,100,0,50,0,0,432,3386,0/0,0,8123,0,29428192,0,0/0,661,0/12,3154,685,495,0,187,20/13,0,0,30,1/0,0,0/0,0/0,0/0,3/62,0/0/0,0,0/0/0/0/0/0,0,0,86,0,0,0,0,0,0,0,0,6695,6695,4000,0,2147483647,2147483647,50,0,0,1,798,14,119570,96468,167,1151,1,0,0/0,0,0,0,0,0,194,194,1076,187,4,388,181,720,1924,886,2585,1591,0,0,
,349276,0,0/0/0/0,0/0/0/0,0/0/0/0,39/2/0/0,5520/241/0/0,253/160/0/0,0,0,326,3,326,0,0,0,0,0,0,0,0,0,100,0,50,0,0,432,3386,0/0,0,8122,0,29428192,0,0/0,0,0/12,0,0,54,0,42,20/13,0,0,30,0/0,0,0/0,0/0,0/0,4/62,0/0/0,0,0/0/0/0/0/0,0,0,86,0,0,0,0,0,0,0,0,6695,6695,4000,0,2147483647,2147483647,50,0,0,0,796,1,13328,9477,8,157,1,0,0/0,0,0,0,0,0,0,0,9,3,0,3,8,25,333,0,333,6,0,0,
,349376,0,0/0/0/0,0/0/0/0,0/0/0/0,59/19/0/0,47338/2326/0/0,5140/326/0/0,1,0,541,535,539,968,0,0,8,3,0,0,0,0,100,0,51,0,0,432,3386,0/0,0,8003,0,29428312,0,0/0,394,0/12,3127,622,210,0,78,20/13,0,0,30,0/0,0,0/0,0/0,0/0,4/62,0/0/0,0,0/0/0/0/0/0,0,0,86,0,0,0,0,0,0,0,0,6695,6695,4000,0,2147483647,2147483647,50,0,0,0,798,12,102998,82725,167,956,1,0,0/0,0,0,0,0,0,218,218,162,171,5,540,148,718,566,975,1428,1854,0,0,
,349475,0,0/0/0/0,0/0/0/0,0/0/0/0,191/57/2/0,31592/8172/2385/0,1480/244/1458/0,0,0,1166,736,1166,968,0,0,8,3,0,0,0,0,100,1,50,0,0,432,3386,0/0,0,8115,0,29428304,0,0/0,207,0/12,1597,340,565,0,257,20/13,0,0,30,0/0,0,0/0,0/0,0/0,4/62,0/0/0,0,0/0/0/0/0/0,0,0,86,0,0,0,0,0,0,0,0,6695,6695,4000,0,2147483647,2147483647,50,0,0,0,797,12,96366,71518,122,1260,1,0,0/0,0,0,0,0,0,195,195,922,616,1,742,110,517,1206,975,2227,2021,0,0,
,349574,0,0/0/0/0,0/0/0/0,0/0/0/0,184/93/0/0,19253/10905/0/0,689/289/0/0,0,0,1178,9,1178,0,0,0,0,0,0,0,0,0,100,1,49,0,0,432,3386,0/0,0,8112,0,29428304,0,0/0,0,0/6,0,0,641,0,285,20/13,0,0,30,0/0,0,0/0,0/0,0/0,4/62,0/0/0,0,0/0/0/0/0/0,0,0,86,0,0,0,0,0,0,0,0,6695,6695,4000,0,2147483647,2147483647,50,0,0,1,796,7,57068,41087,33,849,1,0,0/0,0,0,0,0,0,0,0,1004,9,0,9,40,142,1212,0,1209,21,0,0,
,349673,0,0/0/0/0,0/0/0/0,0/0/0/0,734/88/1/0,72850/10651/67/0,738/304/67/0,0,0,3375,0,3375,0,0,0,0,0,0,0,0,0,0,1,49,0,0,432,3386,0/0,0,8111,0,29428304,0,0/0,0,0/6,0,0,1917,0,837,20/13,0,3,30,0/0,0,0/0,0/0,0/0,4/62,0/0/0,0,0/0/0/0/0/0,0,0,86,0,0,0,0,0,0,0,0,6695,6695,4000,0,2147483647,2147483647,50,0,0,1,796,18,146350,111695,32,2332,1,0,0/0,0,0,0,0,0,0,0,3171,0,0,0,79,184,3456,0,3421,35,0,0,
,349772,0,0/0/0/0,0/0/0/0,0/0/0/0,41/160/2/0,5961/17850/260/0,310/206/137/0,0,0,715,21,715,0,0,0,0,0,0,0,0,0,100,1,49,0,0,432,3386,0/0,0,8111,0,29428304,0,0/0,0,0/6,0,0,313,0,202,20/13,0,0,30,0/0,0,0/0,0/0,0/0,4/62,0/0/0,0,0/0/0/0/0/0,0,0,86,0,0,0,0,0,0,0,0,6695,6695,4000,0,2147483647,2147483647,50,0,0,0,796,4,38912,28068,15,624,1,0,0/0,0,0,0,0,0,0,0,492,21,0,21,27,75,740,0,754,28,0,0,
,349872,0,0/0/0/0,0/0/0/0,0/0/0/0,325/50/0/0,47700/4303/0/0,698/158/0/0,0,0,2165,0,2165,0,0,0,0,0,0,0,0,0,0,1,49,0,0,432,3386,0/0,0,8111,0,29428304,0,0/0,0,0/9,0,0,628,0,380,20/13,0,0,30,0/0,0,0/0,0/0,0/0,4/62,0/0/0,0,0/0/0/0/0/0,0,0,86,0,0,0,0,0,0,0,0,6695,6695,4000,0,2147483647,2147483647,50,0,0,1,796,8,70126,52516,22,1088,1,0,0/0,0,0,0,0,0,0,0,1084,0,0,0,44,107,2217,0,2196,21,0,0,
,349972,0,0/0/0/0,0/0/0/0,0/0/0/0,75/59/0/0,10996/9200/0/0,411/269/0/0,0,0,711,21,711,0,0,0,0,0,0,0,0,0,100,1,49,0,0,432,3386,0/0,0,8105,0,29428304,0,0/0,0,0/9,0,0,280,0,139,20/13,0,0,30,0/0,0,0/0,0/0,0/0,4/62,0/0/0,0,0/0/0/0/0/0,0,0,86,0,0,0,0,0,0,0,0,6695,6695,4000,0,2147483647,2147483647,50,0,0,0,796,3,29712,21285,13,483,1,0,0/0,0,0,0,0,0,0,0,288,21,0,21,21,62,731,0,745,28,0,0,
,350071,0,0/0/0/0,0/0/0/0,0/0/0/0,52/49/0/0,6922/6778/0/0,228/256/0/0,0,0,485,1,485,0,0,0,0,0,0,0,0,0,100,1,49,0,0,432,3386,0/0,0,8104,0,29428304,0,0/0,0,0/9,0,0,204,0,103,20/13,0,0,30,0/0,0,0/0,0/0,0/0,4/62,0/0/0,0,0/0/0/0/0/0,0,0,86,0,0,0,0,0,0,0,0,6695,6695,4000,0,2147483647,2147483647,50,0,0,0,796,2,23433,16906,10,354,1,0,0/0,0,0,0,0,0,0,0,237,1,0,1,15,45,500,0,496,5,0,0,
,350171,0,0/0/0/0,0/0/0/0,0/0/0/0,12/391/0/0,1350/42436/0/0,149/295/0/0,0,0,936,15,935,0,0,0,0,0,0,0,0,0,100,1,49,0,0,432,3386,0/0,0,8100,0,29428304,0,0/0,0,0/9,0,0,869,0,407,20/13,0,0,30,0/0,0,0/0,0/0,0/0,4/62,0/0/0,0,0/0/0/0/0/0,0,0,86,0,0,0,0,0,0,0,0,6695,6695,4000,0,2147483647,2147483647,50,0,0,1,796,8,69727,50773,33,1087,1,0,0/0,0,0,0,0,0,0,0,676,15,1,15,49,156,971,0,976,27,0,0,
,350271,0,0/0/0/0,0/0/0/0,0/0/0/0,153/75/1/0,25017/11828/118/0,1208/375/118/0,0,0,1975,32,1975,192,0,0,0,0,0,0,0,0,100,1,50,0,0,432,3386,0/0,0,8105,0,29428288,0,0/0,0,0/9,73,7,362,0,241,20/13,0,0,30,0/0,0,0/0,0/0,0/0,4/62,0/0/0,0,0/0/0/0/0/0,0,0,86,0,0,0,0,0,0,0,0,6695,6695,4000,0,2147483647,2147483647,50,0,0,1,796,6,52020,37305,37,768,1,0,0/0,0,0,0,0,0,48,48,233,32,0,32,50,157,2018,193,2103,317,0,0,
,350371,0,0/0/0/0,0/0/0/0,0/0/0/0,283/179/0/0,42357/21670/0/0,848/817/0/0,0,0,3063,4,3063,0,0,0,0,0,0,0,0,0,100,1,50,0,0,432,3386,0/0,0,8101,0,29428288,0,0/0,0,0/9,0,0,837,0,471,20/13,0,0,30,0/0,0,0/0,0/0,0/0,4/62,0/0/0,0,0/0/0/0/0/0,0,0,86,0,0,0,0,0,0,0,0,6695,6695,4000,0,2147483647,2147483647,50,0,0,0,796,11,88610,66071,36,1282,1,0,0/0,0,0,0,0,0,0,0,1649,4,0,4,59,161,3133,0,3107,34,0,0,
,350470,0,0/0/0/0,0/0/0/0,0/0/0/0,141/240/4/0,21518/35147/465/0,336/1095/136/0,0,0,2883,6,2883,0,0,0,0,0,0,0,0,0,100,1,50,0,0,432,3386,0/0,0,8097,0,29428288,0,0/0,0,0/9,0,0,653,0,390,20/13,0,0,30,0/0,0,0/0,0/0,0/0,4/62,0/0/0,0,0/0/0/0/0/0,0,0,86,0,0,0,0,0,0,0,0,6695,6695,4000,0,2147483647,2147483647,50,0,0,1,796,9,74601,55252,28,1135,1,0,0/0,0,0,0,0,0,0,0,1549,6,0,6,53,135,2947,0,2925,34,0,0,
,350570,0,0/0/0/0,0/0/0/0,0/0/0/0,65/153/0/0,18114/72587/0/0,3071/4832/0/0,1,0,1909,258,1909,480,0,0,0,0,0,0,0,0,100,0,51,0,0,432,3386,0/0,0,8122,0,29428312,0,0/0,40,0/13,1450,292,556,0,228,20/13,0,0,30,0/0,0,0/0,0/0,0/0,4/62,0/0/0,0,0/0/0/0/0/0,0,0,86,0,0,0,0,0,0,0,0,6695,6695,4000,0,2147483647,2147483647,50,0,0,0,798,11,93684,71424,119,1022,1,0,0/0,0,0,0,0,0,233,157,1748,143,62,381,134,502,1962,483,2611,1000,0,0,
,350669,0,0/0/0/0,0/0/0/0,0/0/0/0,270/295/0/0,30681/40745/0/0,297/273/0/0,0,0,2435,23,2435,0,0,0,0,0,0,0,0,0,100,0,51,0,0,432,3386,0/0,0,8116,0,29428312,0,0/0,0,0/13,0,0,1187,0,570,20/13,0,0,30,0/0,0,0/0,0/0,0/0,4/62,0/0/0,0,0/0/0/0/0/0,0,0,86,0,0,0,0,0,0,0,0,6695,6695,4000,0,2147483647,2147483647,50,0,0,1,796,12,99547,73734,41,1577,1,0,0/0,0,0,0,0,0,0,0,2079,23,0,23,66,185,2496,0,2494,48,0,0,
,350768,0,0/0/0/0,0/0/0/0,0/0/0/0,45/272/0/0,5401/46759/0/0,211/1375/0/0,0,0,1988,415,1988,488,0,0,8,3,0,0,0,0,100,0,50,0,0,432,3386,0/0,0,8124,0,29428352,0,0/0,333,0/13,1808,499,633,0,321,20/13,0,0,30,0/0,0,0/0,0/0,0/0,4/62,0/0/0,0,0/0/0/0/0/0,0,0,86,0,0,0,0,0,0,0,0,6695,6695,4000,0,2147483647,2147483647,50,0,0,0,798,13,109713,85482,117,1306,1,0,0/0,0,0,0,0,0,225,189,965,281,62,540,138,517,2045,491,2841,1216,0,0,
,350868,0,0/0/0/0,0/0/0/0,0/0/0/0,7/446/4/0,749/71810/579/0,153/1520/184/0,0,0,2423,76,2423,104,0,0,8,3,0,0,0,0,100,0,50,0,0,432,3386,0/0,0,8117,0,29428344,0,0/0,234,0/13,1062,229,941,0,464,20/13,0,0,30,0/0,0,0/0,0/0,0/0,4/62,0/0/0,0,0/0/0/0/0/0,0,0,86,0,0,0,0,0,0,0,0,6695,6695,4000,0,2147483647,2147483647,50,0,0,0,797,12,101899,75194,95,1446,1,0,0/0,0,0,0,0,0,48,54,1409,30,12,101,114,402,2486,104,2623,289,0,0,
,350967,0,0/0/0/0,0/0/0/0,0/0/0/0,32/289/3/0,5033/63753/420/0,903/1833/171/0,0,0,2211,242,2211,0,0,0,0,0,0,0,0,0,100,0,50,0,0,432,3386,0/0,0,8110,0,29428344,0,0/0,0,0/13,0,0,743,0,332,20/13,0,8,30,0/0,0,0/0,0/0,0/0,4/62,0/0/0,0,0/0/0/0/0/0,0,0,86,0,0,0,0,0,0,0,0,6695,6695,4000,0,2147483647,2147483647,50,0,0,0,797,8,70942,51535,36,1060,1,0,0/0,0,0,0,0,0,0,0,1793,242,0,243,57,165,2268,0,2490,264,0,0,
,351066,0,0/0/0/0,0/0/0/0,0/0/0/0,21/220/2/0,2754/32141/293/0,278/309/162/0,0,0,1241,452,1241,0,0,0,0,0,0,0,0,0,100,0,50,0,0,432,3386,0/0,0,8101,0,29428344,0,0/0,0,0/13,0,0,465,0,246,20/13,0,0,30,0/0,0,0/0,0/0,0/0,4/62,0/0/0,0,0/0/0/0/0/0,0,0,86,0,0,0,0,0,0,0,0,6695,6695,4000,0,2147483647,2147483647,50,0,0,0,796,7,59897,42481,28,930,1,0,0/0,0,0,0,0,0,0,0,510,452,0,455,50,140,1274,0,1717,465,0,0,
