#,priority,priority_name,fds,footprint,footprint_peak,dirty,PE,frozen,docked,swappable,coalition_id,pid,name,flags,total_dirty_time,process_lifetime,percent_dirty
0,0,(Idle),3,1841,1889,N,Y,-,N,-,132,96,peakpowermanagerd,(---),0,343,0.00
1,0,(Idle),3,3489,3489,N,Y,-,N,-,16,38,peopled,(---),0,344,0.00
2,0,(Idle),3,2065,2209,N,Y,-,N,-,232,149,CommCenterRootHelper,(---),0,342,0.00
3,0,(Idle),3,1857,1857,N,Y,-,N,-,86,155,AppleDeviceQueryService,(---),0,342,0.00
4,0,(Idle),3,2177,2561,N,Y,-,N,-,86,114,ACCHWComponentAuthService,(---),0,343,0.23
5,0,(Idle),4,1441,1489,N,Y,-,N,-,238,152,pfd,(---),0,342,0.11
6,0,(Idle),3,2129,2129,N,Y,-,N,-,270,170,budd,(---),0,342,0.00
7,0,(Idle),3,1953,2145,N,Y,-,N,-,58,59,amfid,(---),3,344,0.87
8,0,(Idle),3,2353,2353,N,Y,-,N,-,64,218,SetStoreUpdateService,(---),0,340,0.02
9,0,(Idle),3,1537,1553,N,Y,-,N,-,369,228,nanoregistrylaunchd,(---),0,339,0.00
10,0,(Idle),3,3153,3281,N,Y,-,N,-,346,213,corerepaird,(---),2,340,0.65
11,0,(Idle),3,2785,2785,N,Y,-,N,-,411,254,frauddefensed,(---),0,337,0.01
12,0,(Idle),3,1425,1537,N,Y,-,N,-,196,129,apfs_iosd,(---),5,343,1.65
13,0,(Idle),3,2225,2385,N,Y,-,N,-,112,86,driverkitd,(---),0,344,0.16
14,0,(Idle),3,3233,3233,N,Y,-,N,-,475,293,fitnessintelligenced,(---),0,331,0.00
15,0,(Idle),9,3201,3201,N,Y,-,N,-,423,260,textunderstandingd,(---),5,337,1.70
16,0,(Idle),15,1681,1697,N,Y,-,N,-,383,235,cryptexd,(---),0,339,0.09
17,0,(Idle),3,2497,2497,N,Y,-,N,-,300,219,SetStoreUpdateService,(---),11,340,3.30
18,0,(Idle),3,2017,2017,N,Y,-,N,-,60,315,AppleDeviceQueryService,(---),0,327,0.01
19,0,(Idle),3,1937,1937,N,Y,-,N,-,499,319,AppleDeviceQueryService,(---),0,326,0.02
20,0,(Idle),5,4977,5441,N,Y,-,N,-,473,292,mediaplaybackd,(---),7,331,2.31
21,0,(Idle),3,3633,3777,N,Y,-,N,-,110,85,nanoprefsyncd,(---),16,344,4.77
22,0,(Idle),3,1729,1729,N,Y,-,N,-,30,45,uarpassetmanagerd,(---),0,344,0.03
23,0,(Idle),3,3009,3009,-,-,-,N,-,26,299,MacinTalkAUSP,(---),0,330,0.00
24,0,(Idle),3,3089,3089,-,-,-,N,-,26,298,MauiAUSP,(---),0,330,0.00
25,0,(Idle),3,3057,3057,-,-,-,N,-,26,302,SiriAUSP,(---),0,330,0.00
26,0,(Idle),3,2353,2385,N,Y,-,N,-,126,93,OTACrashCopier,(---),0,344,0.00
27,0,(Idle),3,2945,3041,N,Y,-,N,-,515,324,intelligencecontextd,(---),0,323,0.15
28,0,(Idle),3,2241,2273,N,Y,-,N,-,156,108,deviceconfigurationd,(---),0,344,0.06
29,0,(Idle),3,2049,2465,N,Y,-,N,-,274,172,languageassetd,(---),18,342,5.54
30,0,(Idle),3,2001,2001,N,Y,-,N,-,248,323,UserFontManager,(---),0,323,0.25
31,0,(Idle),3,2705,2801,N,Y,-,N,-,352,216,webbookmarksd,(---),17,340,5.08
32,0,(Idle),3,2401,2401,N,Y,-,N,-,134,333,AppIntentsLiveEntityService,(---),0,321,0.00
33,0,(Idle),4,2433,2433,N,Y,-,N,-,66,63,softwareupdated,(---),0,344,0.00
34,0,(Idle),3,2289,2289,N,Y,-,N,-,521,334,com.apple.sbd,(---),0,321,0.24
35,0,(Idle),3,2865,2865,N,Y,-,N,-,523,335,videosubscriptionsd,(---),0,321,0.07
36,0,(Idle),4,2545,2545,N,Y,-,N,-,513,322,com.apple.MobileSoftwareUpdate.CleanupPreparePathService,(---),1,323,0.43
37,0,(Idle),3,2561,2561,N,Y,-,N,-,18,275,SetStoreUpdateService,(---),5,334,1.59
38,0,(Idle),7,9089,157697,N,Y,-,N,-,12,243,SBRendererService,(---),5,338,1.59
39,0,(Idle),3,3233,3281,N,Y,-,N,-,477,294,analyticsagent,(---),1,331,0.36
40,0,(Idle),3,4977,4977,N,Y,-,N,-,433,265,translationd,(---),23,336,6.96
41,0,(Idle),3,23345,45137,N,Y,-,N,-,322,200,sirittsd,(---),13,342,3.99
42,0,(Idle),3,2129,2545,N,Y,-,N,-,82,132,CoreRepairCoreXPCService,(---),0,343,0.01
43,0,(Idle),3,2401,2401,N,Y,-,N,-,320,199,assistant_cdmd,(---),0,342,0.00
44,0,(Idle),3,2193,2193,N,Y,-,N,-,346,221,AppleDeviceQueryService,(---),0,340,0.15
45,0,(Idle),3,2897,2897,N,Y,-,N,-,218,197,CoreRepairCoreXPCService,(---),1,342,0.52
46,0,(Idle),3,15073,45809,N,Y,-,N,-,12,244,MTLCompilerService,(---),0,338,0.25
47,0,(Idle),3,2401,2401,N,Y,-,N,-,22,242,AppIntentsLiveEntityService,(---),0,338,0.27
48,0,(Idle),3,3361,3425,N,Y,-,N,-,22,288,com.apple.SharePlay.NearbyInvitationsService,(---),0,332,0.09
49,0,(Idle),4,3713,3713,N,Y,-,N,-,226,285,localspeechrecognition,(---),1,333,0.35
50,0,(Idle),3,2241,2241,N,Y,-,N,-,12,195,AudioConverterService,(---),0,342,0.00
51,0,(Idle),3,2881,3137,N,Y,-,N,-,98,313,TilesService,(---),39,328,12.16
52,0,(Idle),3,2353,2353,N,Y,-,N,-,489,303,pasted,(---),0,330,0.00
53,0,(Idle),4,3121,3329,N,Y,-,N,-,433,308,localspeechrecognition,(---),0,329,0.19
54,0,(Idle),3,2017,2017,N,Y,-,N,-,100,80,batterytrapd,(---),0,344,0.00
55,0,(Idle),3,2561,2561,N,Y,-,N,-,180,185,AudioConverterService,(---),3,342,1.03
56,0,(Idle),3,3313,3649,N,Y,-,N,-,481,296,mediaparserd,(---),6,331,1.87
57,0,(Idle),3,1953,2497,N,Y,-,N,-,499,318,ACCHWComponentAuthService,(---),3,326,1.11
58,0,(Idle),3,2481,2849,N,Y,-,N,-,316,196,mobilerepaird,(---),3,342,0.89
59,0,(Idle),3,22033,29041,N,Y,-,N,-,82,284,MTLCompilerService,(---),10,333,3.03
60,0,(Idle),3,1473,1553,N,Y,-,N,-,274,355,com.apple.DictionaryServiceHelper,(---),0,257,0.00
61,0,(Idle),3,2465,2529,N,Y,-,N,-,451,277,IMTransferAgent,(---),0,335,0.29
62,0,(Idle),4,4017,4049,N,Y,-,N,-,200,131,batteryintelligenced,(---),3,344,1.12
63,0,(Idle),3,8049,30369,N,Y,-,N,-,298,271,localspeechrecognition,(---),173,336,51.55
64,0,(Idle),3,2385,2385,N,Y,-,N,-,461,283,BTLEServer,(---),10,334,3.05
65,0,(Idle),3,3873,4177,-,-,-,N,-,371,229,ReplayKitAngel,(---),0,340,0.00
66,0,(Idle),3,3521,3521,N,Y,-,N,-,192,127,PowerUIAgent,(---),319,344,92.89
67,0,(Idle),9,4417,4417,N,Y,-,N,-,64,62,mobiletimerd,(---),1,344,0.57
68,0,(Idle),6,3409,3473,N,Y,-,N,-,74,67,remotepairingdeviced,(---),0,344,0.18
69,0,(Idle),3,3121,3169,N,Y,-,N,-,308,190,ndoagent,(---),18,342,5.45
70,0,(Idle),3,1265,1265,N,Y,-,N,-,584,414,heartbeatd,(---),0,18,0.00
71,0,(Idle),3,2145,2193,N,Y,-,N,-,495,309,pipelined,(---),1,329,0.58
72,0,(Idle),3,2417,2449,N,Y,-,N,-,28,44,uarpd,(---),2,344,0.87
73,0,(Idle),4,3025,3105,N,Y,-,N,-,596,421,communicationtrustd,(---),0,17,0.68
74,0,(Idle),3,1969,2033,N,Y,-,N,-,594,420,com.apple.MobileInstallationHelperService,(---),0,18,2.09
75,0,(Idle),3,2369,2481,N,Y,-,N,-,608,428,AppSSODaemon,(---),0,16,0.03
76,0,(Idle),3,2337,2481,N,Y,-,N,-,194,128,powerexperienced,(---),297,344,86.52
77,0,(Idle),3,2225,2353,N,Y,-,N,-,623,438,backgroundassets.user,(---),0,15,0.10
78,0,(Idle),3,2529,3633,N,Y,-,N,-,405,251,swcd,(---),23,338,6.92
79,0,(Idle),5,1361,1377,N,Y,-,N,-,216,140,logd_helper,(---),1,344,0.56
80,0,(Idle),3,3057,3057,N,Y,-,N,-,503,314,sosd,(---),0,328,0.01
81,0,(Idle),3,4145,4161,N,Y,-,N,-,356,220,com.apple.NeighborhoodActivityConduitService,(---),2,341,0.87
82,0,(Idle),3,2401,2513,N,Y,-,N,-,32,46,terminusd,(---),5,344,1.72
83,0,(Idle),6,2769,3377,N,Y,-,N,-,449,327,SetStoreUpdateService,(---),4,323,1.31
84,0,(Idle),3,2145,2209,N,Y,-,N,-,539,384,speechmaintenanced,(---),4,21,20.23
85,0,(Idle),3,2289,2353,N,Y,-,N,-,615,433,siriappintentsd,(---),3,16,21.90
86,0,(Idle),3,2337,2625,N,Y,-,N,-,198,456,SetStoreUpdateService,(---),0,12,0.09
87,0,(Idle),4,2241,2337,N,Y,-,N,-,600,423,installd,(---),4,17,27.55
88,0,(Idle),6,2497,2593,N,Y,-,N,-,34,458,SetStoreUpdateService,(---),0,11,0.78
89,0,(Idle),8,2945,3041,N,Y,-,N,-,439,268,findmybeaconingd,(---),0,336,0.05
90,0,(Idle),3,1809,1873,N,Y,-,N,-,618,435,GSSCred,(---),5,16,33.15
91,0,(Idle),3,1921,1953,N,Y,-,N,-,664,466,CoreThreadCommissionerServiced,(---),0,10,0.14
92,0,(Idle),3,1809,2193,N,Y,-,N,-,236,151,misd,(---),3,343,1.14
93,0,(Idle),3,3969,3985,N,Y,-,N,-,278,174,fmflocatord,(---),61,343,17.95
94,0,(Idle),6,2577,2593,N,Y,-,N,-,413,473,SetStoreUpdateService,(---),0,9,2.64
95,0,(Idle),3,3905,4081,N,Y,-,N,-,429,263,ContextService,(---),23,337,6.95
96,0,(Idle),4,3041,3185,N,Y,-,N,-,541,385,vmd,(---),0,21,0.26
97,0,(Idle),17,4657,4993,N,Y,-,N,-,643,451,storekitd,(---),5,13,40.09
98,0,(Idle),3,7313,7569,-,-,-,N,-,168,398,CalendarWidgetExtension,(---),0,20,0.00
99,0,(Idle),7,9297,9921,-,-,-,N,-,296,183,PosterBoard,(---),0,343,0.00
100,0,(Idle),15,10497,10881,-,-,-,N,-,168,399,WeatherWidget,(---),0,20,0.00
101,0,(Idle),3,12865,13793,-,-,-,N,-,559,394,Spotlight,(---),0,21,0.00
102,0,(Idle),9,2833,2945,N,Y,-,N,-,666,467,ProtectedCloudKeySyncing,(---),1,10,10.39
103,0,(Idle),9,3137,3185,-,-,-,N,-,397,434,AMDEngagementExtension,(---),0,16,0.00
104,0,(Idle),3,1953,2001,N,Y,-,N,-,128,94,AppleCredentialManagerDaemon,(---),10,345,2.97
105,0,(Idle),3,5089,5089,N,Y,-,N,-,302,187,profiled,(---),9,342,2.71
106,0,(Idle),4,7425,7441,N,Y,-,N,-,485,300,destinationd,(---),10,330,3.13
107,0,(Idle),3,2897,3009,N,Y,-,N,-,96,78,ManagedSettingsAgent,(---),3,345,1.16
108,0,(Idle),3,2001,2081,N,Y,-,N,-,332,485,AppPredictionIntentsHelperService,(---),0,7,0.48
109,0,(Idle),3,2225,2273,N,Y,-,N,-,686,483,betaenrollmentd,(---),1,7,17.82
110,0,(Idle),4,8705,14513,-,-,-,N,-,168,397,GeneralMapsWidget,(---),0,21,0.00
111,0,(Idle),3,9585,10561,N,Y,-,N,-,324,202,intelligenceflowd,(---),15,342,4.50
112,0,(Idle),3,3537,3697,N,Y,-,N,-,525,336,assetsubscriptiond,(---),3,321,1.00
113,0,(Idle),5,3537,3569,N,Y,-,N,-,373,230,fitnesscoachingd,(---),0,340,0.07
114,0,(Idle),3,5057,5089,N,Y,-,N,-,499,311,accessoryd,(---),5,329,1.53
115,0,(Idle),6,2961,3153,N,Y,-,N,-,561,395,TrustedPeersHelper,(---),2,21,9.82
116,0,(Idle),8,8593,103121,N,Y,-,N,-,639,448,com.apple.MapKit.SnapshotService,(---),10,14,69.75
117,0,(Idle),3,4097,4161,-,-,-,N,-,168,430,HealthBalanceWidgetExtension,(---),0,16,0.00
118,0,(Idle),4,3057,3169,N,Y,-,N,-,541,445,localspeechrecognition,(---),0,14,3.99
119,0,(Idle),4,1953,3329,N,Y,-,N,-,56,58,keybagd,(---),31,345,9.23
120,0,(Idle),3,1873,2017,N,Y,-,N,-,52,469,WiFiCloudAssetsXPCService,(---),0,10,1.77
121,0,(Idle),10,3713,3985,N,Y,-,N,-,555,392,milod,(---),2,21,11.08
122,0,(Idle),3,1697,1713,N,Y,-,N,-,688,484,tailspind,(---),1,7,25.84
123,0,(Idle),3,3233,3281,-,-,-,N,-,26,301,KonaSynthesizer,(---),0,331,0.00
124,10,(Deferred),3,2193,2209,N,Y,-,N,-,706,495,momentsd,(---),0,6,0.00
125,10,(Deferred),3,2113,2161,N,Y,-,N,-,52,250,WiFiCloudAssetsXPCService,(---),14,339,4.15
126,10,(Deferred),3,2497,2529,N,Y,-,N,-,62,61,seld,(---),0,345,0.06
127,10,(Deferred),4,3057,3185,N,Y,-,N,-,52,444,ThreeBarsXPCService,(---),2,14,13.46
128,10,(Deferred),3,2929,2961,N,Y,-,N,-,678,475,backupd,(---),3,8,38.32
129,10,(Deferred),7,6049,6209,N,Y,-,N,-,228,147,CommCenterMobileHelper,(---),335,344,97.51
130,10,(Deferred),3,2353,2353,N,Y,-,N,-,38,499,UARPUpdaterServiceLegacyAudio,(---),0,5,4.61
131,10,(Deferred),9,3313,3329,N,Y,-,N,-,647,454,appplaceholdersyncd,(---),1,13,14.32
132,10,(Deferred),3,2769,2769,N,Y,-,N,-,659,462,privatecloudcomputed,(---),7,10,65.37
133,10,(Deferred),3,3345,7601,N,Y,-,N,-,385,237,osanalyticshelper,(---),17,340,5.01
134,10,(Deferred),7,2929,2977,N,Y,-,N,-,641,449,geoanalyticsd,(---),11,14,76.08
135,10,(Deferred),3,4977,5041,N,Y,-,N,-,391,240,appleaccountd,(---),50,339,14.91
136,10,(Deferred),3,4593,5185,N,Y,-,N,-,176,119,usernotificationsd,(---),23,344,6.77
137,10,(Deferred),8,2625,2625,N,Y,-,N,-,633,443,feedbackd,(---),11,15,77.45
138,10,(Deferred),4,4225,4273,N,Y,-,N,-,44,52,parsecd,(---),129,345,37.64
139,10,(Deferred),3,1905,2241,N,Y,-,N,-,208,136,PerfPowerTelemetryClientRegistrationService,(---),5,344,1.53
140,10,(Deferred),4,2193,2465,N,Y,-,N,-,242,154,mobileactivationd,(---),34,343,10.12
141,10,(Deferred),5,2049,2049,N,Y,-,N,-,715,502,homeeventsd,(---),0,4,0.00
142,10,(Deferred),3,3665,3729,N,Y,-,N,-,282,176,cdpd,(---),326,343,95.22
143,10,(Deferred),3,1793,1873,N,Y,-,N,-,676,474,fairplaydeviceidentityd,(---),0,9,2.58
144,10,(Deferred),6,5281,5361,N,Y,-,N,-,330,205,replicatord,(---),7,342,2.05
145,10,(Deferred),3,2849,2865,N,Y,-,N,-,501,312,nesessionmanager,(---),2,329,0.83
146,10,(Deferred),3,3137,3169,N,Y,-,N,-,38,396,accessoryupdaterd,(---),14,21,70.05
147,10,(Deferred),3,2497,3041,N,Y,-,N,-,214,139,nehelper,(---),5,344,1.58
148,10,(Deferred),3,2913,3041,N,Y,-,N,-,403,249,ctkd,(---),319,339,94.22
149,10,(Deferred),3,1457,1457,N,Y,-,N,-,717,505,symptomsd-diag,(---),0,3,0.00
150,10,(Deferred),7,2769,2977,N,Y,-,N,-,602,424,cloudtelemetryd,(---),0,17,0.54
151,10,(Deferred),3,3009,3105,N,Y,-,N,-,471,291,DeviceConfigurationAgent,(---),0,332,0.09
152,10,(Deferred),5,2929,5265,N,Y,-,N,-,106,83,containermanagerd,(---),24,345,7.09
153,10,(Deferred),13,3745,3873,N,Y,-,N,-,535,382,voicebankingd,(---),16,21,74.67
154,10,(Deferred),14,7105,7297,N,Y,-,N,-,362,416,gamed,(---),8,18,42.49
155,10,(Deferred),24,7169,7985,N,Y,-,N,-,570,404,fileproviderd,(---),14,20,68.01
156,10,(Deferred),6,2833,2913,N,Y,-,N,-,226,408,com.apple.FaceTime.FTConversationService,(---),0,20,0.12
157,10,(Deferred),6,5281,5313,N,Y,-,N,-,286,178,donotdisturbd,(---),28,343,8.30
158,10,(Deferred),11,4241,4609,N,Y,-,N,-,627,440,amsondevicestoraged,(---),0,15,1.65
159,10,(Deferred),3,3009,3057,N,Y,-,N,-,306,189,bluetoothuserd,(---),10,343,2.93
160,10,(Deferred),9,5553,5841,N,Y,-,N,-,421,259,ScreenTimeAgent,(---),7,338,2.13
161,10,(Deferred),3,3665,3969,N,Y,-,N,-,116,88,sleepd,(---),320,345,92.74
162,10,(Deferred),3,2913,2929,N,Y,-,N,-,580,412,nanotimekitcompaniond,(---),6,19,33.35
163,10,(Deferred),7,10673,11569,N,Y,-,N,-,226,145,callservicesd,(---),38,344,11.13
164,10,(Deferred),9,5265,5585,N,Y,-,N,-,210,137,liveactivitiesd,(---),24,344,7.00
165,10,(Deferred),3,5089,5553,N,Y,-,N,-,465,287,seserviced,(---),5,333,1.77
166,10,(Deferred),3,5633,6369,N,Y,-,N,-,22,41,mediaremoted,(---),320,345,92.94
167,10,(Deferred),3,5041,5313,N,Y,-,N,-,108,84,audioaccessoryd,(---),22,345,6.53
168,10,(Deferred),3,3809,4049,N,Y,-,N,-,244,156,featureaccessd,(---),17,344,5.18
169,10,(Deferred),5,6833,7857,N,Y,-,N,-,328,204,modelmanagerd,(---),311,342,90.83
170,10,(Deferred),6,3473,3905,N,Y,-,N,-,443,270,triald,(---),22,336,6.70
171,10,(Deferred),3,3153,3185,N,Y,-,N,-,475,297,FitnessIntelligenceInferenceService,(---),1,332,0.35
172,10,(Deferred),3,2001,2385,N,Y,-,N,-,212,138,MobileGestaltHelper,(---),3,344,0.96
173,10,(Deferred),11,7905,8097,N,Y,-,N,-,256,162,geod,(---),43,343,12.70
174,10,(Deferred),3,40449,63329,N,Y,-,N,-,218,141,appleh16camerad,(---),20,344,6.03
175,10,(Deferred),3,2449,2529,N,Y,-,N,-,443,452,TrialArchivingService,(---),4,14,28.44
176,10,(Deferred),9,3553,3601,N,Y,-,N,-,419,258,dmd,(---),333,338,98.57
177,10,(Deferred),6,4049,4209,N,Y,-,N,-,407,252,eligibilityd,(---),18,338,5.55
178,10,(Deferred),4,2225,2401,N,Y,-,N,-,348,214,followupd,(---),1,341,0.57
179,10,(Deferred),3,1937,1953,N,Y,-,N,-,248,158,fontservicesd,(---),0,344,0.00
180,10,(Deferred),3,26193,26961,N,Y,-,N,-,720,509,MTLCompilerService,(---),0,2,10.28
181,10,(Deferred),6,3009,3409,N,Y,-,N,-,84,72,appprotectiond,(---),12,345,3.69
182,10,(Deferred),18,2593,2769,N,Y,-,N,-,527,337,fileindexerd,(---),0,321,0.10
183,10,(Deferred),6,3313,6401,N,Y,-,N,-,722,511,callhistoryd,(---),0,2,8.73
184,10,(Deferred),13,5409,6113,N,Y,-,N,-,266,168,watchlistd,(---),339,343,98.93
185,10,(Deferred),17,3297,3857,N,Y,-,N,-,222,143,trustd,(---),30,344,8.88
186,10,(Deferred),6,3089,3761,N,Y,-,N,-,40,50,tccd,(---),81,345,23.63
187,10,(Deferred),3,2033,2465,N,Y,-,N,-,294,510,intents_helper,(---),0,2,4.58
188,10,(Deferred),4,1361,1393,N,Y,-,N,-,453,278,coresymbolicationd,(---),0,335,0.04
189,10,(Deferred),4,5697,5697,N,Y,-,N,-,134,97,navd,(---),38,345,11.19
190,10,(Deferred),3,2465,2625,N,Y,-,N,-,457,281,diagnosticservicesd,(---),0,334,0.05
191,10,(Deferred),3,1873,1969,N,Y,-,N,-,447,273,ReportCrash,(---),20,336,6.19
192,10,(Deferred),8,4641,4801,N,Y,-,N,-,24,42,accountsd,(---),17,345,5.03
193,10,(Deferred),3,1697,3809,N,Y,-,N,-,431,264,adid,(---),0,337,0.04
194,10,(Deferred),7,5409,5441,N,Y,-,N,-,350,215,akd,(---),80,341,23.46
195,10,(Deferred),4,1921,1985,N,Y,-,N,-,162,111,usermanagerd,(---),1,345,0.50
196,10,(Deferred),3,2961,3057,N,Y,-,N,-,588,417,gamepolicyd,(---),9,18,51.27
197,10,(Deferred),3,3441,3921,N,Y,-,N,-,358,222,replayd,(---),12,341,3.53
198,10,(Deferred),3,2145,2257,N,Y,-,N,-,170,116,containermanagerd_system,(---),21,344,6.25
199,10,(Deferred),3,2225,2241,N,Y,-,N,-,493,305,watchpresenced,(---),0,330,0.01
200,10,(Deferred),3,3505,3569,N,Y,-,N,-,252,160,carkitd,(---),0,343,0.26
201,10,(Deferred),6,3409,3569,N,Y,-,N,-,336,208,deviceaccessd,(---),0,342,0.28
202,10,(Deferred),10,8033,8817,N,Y,-,N,-,120,90,passd,(---),17,345,5.13
203,15,(Unknown),3,2001,2209,N,Y,-,N,-,70,166,NFStorageServer,(---),1,343,0.39
204,15,(Unknown),6,4465,4465,N,Y,-,N,-,455,280,wifianalyticsd,(---),0,335,0.09
205,15,(Unknown),8,3681,3953,N,Y,-,N,-,574,407,com.apple.quicklook.ThumbnailsAgent,(---),1,20,8.43
206,15,(Unknown),3,2337,2769,N,Y,-,N,-,260,164,localizationswitcherd,(---),1,343,0.45
207,15,(Unknown),3,2401,2513,N,Y,-,N,-,592,419,captiveagent,(---),0,18,1.53
208,15,(Unknown),3,3121,3377,N,Y,-,N,-,566,401,AuthenticationServicesAgent,(---),0,21,1.02
209,15,(Unknown),3,16209,24577,N,Y,-,N,-,12,191,MTLCompilerService,(---),1,343,0.40
210,15,(Unknown),3,2129,2449,N,Y,-,N,-,629,441,keychainsharingmessagingd,(---),0,15,0.14
211,15,(Unknown),3,15569,24929,N,Y,-,N,-,639,450,MTLCompilerService,(---),0,14,2.14
212,15,(Unknown),3,14081,27313,N,Y,-,N,-,344,236,MTLCompilerService,(---),6,340,2.03
213,15,(Unknown),3,2897,2897,N,Y,-,N,-,479,295,manageddeviced,(---),3,332,0.98
214,15,(Unknown),3,1569,1633,N,Y,-,N,-,637,447,metrickitd,(---),0,15,4.79
215,15,(Unknown),3,15681,30065,N,Y,-,N,-,86,146,MTLCompilerService,(---),2,344,0.63
216,15,(Unknown),3,5361,5457,N,Y,-,N,-,387,238,wifip2pd,(---),3,340,0.93
217,15,(Unknown),9,3377,3489,N,Y,-,N,-,657,461,swtransparencyd,(---),0,11,0.21
218,15,(Unknown),3,2321,2465,N,Y,-,N,-,610,429,mobile_installation_proxy,(---),6,17,34.74
219,15,(Unknown),6,2017,2993,N,Y,-,N,-,441,269,misagent,(---),0,337,0.03
220,15,(Unknown),4,2945,4033,N,Y,-,N,-,613,432,CoreRoutineHelperService,(---),8,16,51.36
221,15,(Unknown),3,3745,3825,N,Y,-,N,-,401,248,sociallayerd,(---),0,339,0.03
222,15,(Unknown),7,3105,3265,N,Y,-,N,-,389,239,rtcreportingd,(---),2,340,0.78
223,15,(Unknown),3,2401,2993,N,Y,-,N,-,469,290,spaceattributiond,(---),2,333,0.78
224,15,(Unknown),7,6913,62609,N,Y,-,N,-,344,212,iconservicesagent,(---),25,342,7.52
225,15,(Unknown),17,4609,4865,N,Y,-,N,-,517,326,bird,(---),2,324,0.91
226,15,(Unknown),3,2625,2961,N,Y,-,N,-,668,468,AssetCacheLocatorService,(---),0,10,0.11
227,15,(Unknown),8,4113,4481,N,Y,-,N,-,568,403,intelligentroutingd,(---),12,21,59.11
228,15,(Unknown),3,4657,5041,N,Y,-,N,-,310,192,pkd,(---),12,343,3.50
229,15,(Unknown),3,2545,2769,N,Y,-,N,-,409,253,countryd,(---),11,339,3.39
230,20,(Opportunistic),3,2705,2737,-,-,-,N,-,570,464,PhotosFileProvider,(---),0,11,0.00
231,20,(Opportunistic),3,2737,2769,-,-,-,N,-,570,477,PhotosFileProvider,(---),0,8,0.00
232,20,(Opportunistic),3,2721,2753,-,-,-,N,-,570,478,PhotosFileProvider,(---),0,8,0.00
233,20,(Opportunistic),3,2737,2769,-,-,-,N,-,570,479,PhotosFileProvider,(---),0,8,0.00
234,20,(Opportunistic),8,24721,77713,-,-,-,N,-,720,508,WidgetRenderer_Default,(---),0,2,0.00
235,37,(Unknown),3,8401,8401,-,-,-,N,-,292,181,Campo,(---),0,343,0.00
236,40,(BG),5,7601,9329,-,-,-,N,-,60,60,DumpPanic,(---),0,345,0.00
237,40,(BG),6,6001,6033,-,-,-,N,-,258,163,AccessibilityUIServer,(---),0,344,0.00
238,40,(BG),12,13521,14801,Y,Y,-,N,-,234,150,cloudd,(---),342,344,99.43
239,40,(BG),18,6513,6593,Y,Y,-,N,-,342,211,findmylocated,(---),341,342,99.62
240,40,(BG),33,10721,11137,Y,Y,-,N,-,381,234,searchpartyd,(---),340,341,99.79
241,40,(BG),4,6193,6273,Y,Y,-,N,-,304,188,nearbyd,(---),340,343,99.13
242,40,(BG),10,5249,5617,Y,Y,-,N,-,377,232,heard,(---),339,341,99.53
243,40,(BG),3,1793,1809,Y,Y,-,N,-,417,257,clocksyncd,(---),338,338,99.97
244,40,(BG),18,7889,28081,Y,Y,-,N,-,397,246,amsengagementd,(---),338,339,99.67
245,40,(BG),3,2801,2865,Y,Y,-,N,-,354,217,useractivityd,(---),337,341,98.85
246,40,(BG),6,5217,5265,Y,Y,-,N,-,445,272,StatusKitAgent,(---),336,336,99.94
247,40,(BG),11,10161,12465,Y,Y,-,N,-,449,276,siriactionsd,(---),334,335,99.67
248,40,(BG),9,3537,3585,Y,Y,-,N,-,88,74,askpermissiond,(---),333,345,96.57
249,40,(BG),3,4305,4417,Y,Y,-,N,-,136,98,safetyalertsd,(---),329,345,95.25
250,40,(BG),3,3377,3441,Y,Y,-,N,-,264,167,audioanalyticsd,(---),51,343,15.05
251,40,(BG),40,7297,7633,Y,Y,-,N,-,332,206,duetexpertd,(---),21,342,6.38
252,40,(BG),40,12353,13457,Y,Y,-,N,-,413,255,homed,(---),22,338,6.53
253,40,(BG),3,3457,3473,Y,Y,-,N,-,395,245,ind,(---),21,339,6.41
254,40,(BG),9,6593,6801,Y,Y,-,N,-,300,186,agentstored,(---),21,343,6.38
255,40,(BG),5,6529,17073,Y,Y,-,N,-,298,184,corespeechd,(---),72,343,21.18
256,40,(BG),7,6673,6961,Y,Y,-,N,-,326,203,generativeexperiencesd,(---),338,343,98.78
257,40,(BG),25,15505,15857,Y,Y,-,N,-,18,39,assistantd,(---),341,345,98.85
258,40,(BG),3,3713,3777,Y,Y,-,N,-,288,179,ospredictiond,(---),37,343,10.85
259,40,(BG),10,4305,4833,Y,Y,-,N,-,375,231,nsurlsessiond,(---),21,341,6.34
260,40,(BG),20,6209,6209,Y,Y,-,N,-,531,347,maild,(---),21,308,6.99
261,40,(BG),8,4161,4353,Y,Y,-,N,-,272,171,managedappdistributiond,(---),21,343,6.25
262,40,(BG),18,5745,6001,Y,Y,-,N,-,50,55,biomed,(---),33,345,9.81
263,40,(BG),24,9873,10465,Y,Y,-,N,-,491,400,financed,(---),21,21,99.45
264,40,(BG),31,7105,7105,Y,Y,-,N,-,399,247,suggestd,(---),39,339,11.75
265,40,(BG),3,2833,2865,Y,Y,-,N,-,549,389,adprivacyd,(---),20,21,94.89
266,40,(BG),6,6849,7169,Y,Y,-,N,-,26,43,axassetsd,(---),41,345,12.03
267,40,(BG),3,2449,2513,Y,Y,-,N,-,437,267,parsec-fbf,(---),19,337,5.91
268,40,(BG),4,8049,8049,Y,Y,-,N,-,547,388,callintelligenced,(---),19,21,90.53
269,40,(BG),7,6145,11137,Y,Y,-,N,-,240,153,networkserviceproxy,(---),19,344,5.65
270,40,(BG),22,4897,5425,Y,Y,-,N,-,427,262,ScreenTimeSettingsAgent,(---),21,338,6.25
271,40,(BG),3,2561,2625,Y,Y,-,N,-,557,393,appleidsetupd,(---),19,21,88.64
272,40,(BG),3,2257,2289,Y,Y,-,N,-,578,411,softposreaderd,(---),18,20,94.01
273,40,(BG),23,7249,7761,Y,Y,-,N,-,284,177,appstored,(---),18,343,5.47
274,40,(BG),9,3537,3569,Y,Y,-,N,-,537,383,tipsd,(---),18,21,85.53
275,40,(BG),3,2849,2897,N,-,-,N,-,364,225,CMFSyncAgent,(---),16,341,4.74
276,40,(BG),13,3953,4017,Y,Y,-,N,-,606,426,mapssyncd,(---),17,17,99.58
277,40,(BG),16,4625,4833,Y,Y,-,N,-,545,387,facetimemessagestored,(---),16,21,73.12
278,40,(BG),3,2721,2801,Y,Y,-,N,-,76,68,wcd,(---),39,345,11.37
279,40,(BG),9,5441,6561,Y,Y,-,N,-,393,402,IMDPersistenceAgent,(---),16,21,77.97
280,40,(BG),3,2385,2577,Y,Y,-,N,-,651,457,mc_mobile_tunnel,(---),13,13,99.78
281,40,(BG),3,4929,5473,Y,Y,-,N,-,645,453,diagnosticextensionsd,(---),13,14,95.29
282,40,(BG),3,2433,2481,Y,Y,-,N,-,674,472,mediasetupd,(---),10,10,99.68
283,40,(BG),15,3505,3537,Y,Y,-,N,-,631,442,bookassetd,(---),9,15,60.40
284,40,(BG),6,2785,2833,Y,Y,-,N,-,519,328,inputanalyticsd,(---),8,323,2.76
285,40,(BG),6,4481,4993,Y,Y,-,N,-,415,256,siriknowledged,(---),19,339,5.75
286,40,(BG),3,2593,7185,N,Y,-,N,-,379,233,videocodecd,(---),1,341,0.33
287,40,(BG),314,173506,197170,-,-,-,N,-,590,418,AlipayWallet,(---),0,19,0.00
288,40,(BG),30,6033,6897,Y,Y,-,N,-,202,133,wirelessinsightsd,(---),332,345,96.36
289,40,(BG),15,8177,8225,Y,Y,-,N,-,698,491,mediaanalysisd,(---),7,7,96.92
290,40,(BG),6,4001,4241,Y,Y,-,N,-,576,409,biomesyncd,(---),9,20,46.41
291,40,(BG),3,2545,2577,-,-,-,N,-,570,500,com.apple.CloudDocs.iCloudDriveFileProvider,(---),0,6,0.00
292,40,(BG),6,4689,5025,Y,Y,-,N,-,700,492,photoanalysisd,(---),6,7,86.18
293,40,(BG),3,2785,2785,Y,Y,-,N,-,497,310,appmanagedfeaturesd,(---),6,329,2.03
294,40,(BG),3,1809,1905,Y,Y,-,N,-,533,356,NANDTaskScheduler,(---),6,251,2.53
295,40,(BG),9,5889,6929,Y,Y,-,N,-,224,144,contactsd,(---),33,344,9.81
296,40,(BG),24,4657,4785,Y,Y,-,N,-,713,501,cloudphotod,(---),5,6,97.22
297,40,(BG),16,2513,2529,Y,Y,-,N,-,511,321,privacyaccountingd,(---),21,326,6.62
298,40,(BG),23,7057,7825,Y,Y,-,N,-,276,173,itunescloudd,(---),16,343,4.86
299,40,(BG),32,5553,7377,Y,Y,-,N,-,198,130,spotlightknowledged.updater,(---),15,345,4.63
300,40,(BG),14,3361,3665,Y,Y,-,N,-,572,405,postersyncd,(---),17,20,84.09
301,40,(BG),3,3073,4289,Y,Y,-,N,-,12,410,intents_helper,(---),4,20,22.99
302,40,(BG),3,3265,3377,Y,Y,-,N,-,318,198,familycircled,(---),17,343,5.22
303,40,(BG),4,3697,3825,Y,Y,-,N,-,551,390,mapspushd,(---),11,21,51.21
304,40,(BG),3,3601,3633,N,-,-,N,-,102,81,powerexceptionsd,(---),0,345,0.01
305,40,(BG),19,5137,5393,Y,Y,-,N,-,672,471,promotedcontentd,(---),5,10,56.77
306,40,(BG),24,6753,7345,Y,Y,-,N,-,314,194,transparencyd,(---),339,343,98.80
307,40,(BG),3,3281,3297,Y,Y,-,N,-,366,226,visioncompaniond,(---),324,341,94.88
308,40,(BG),7,4209,4513,Y,Y,-,N,-,505,316,applekeystored,(---),6,328,2.04
309,40,(BG),56,10881,13345,Y,Y,-,N,-,20,40,routined,(---),341,345,98.69
310,40,(BG),21,6561,6977,Y,Y,-,N,-,144,102,amsaccountsd,(---),338,345,97.88
311,40,(BG),3,2097,2193,Y,Y,-,N,-,517,498,ContainerMetadataExtractor,(---),5,7,77.66
312,40,(BG),3,3313,3377,Y,Y,-,N,-,172,117,coreauthd,(---),96,345,28.08
313,40,(BG),9,5041,6161,Y,Y,-,N,-,294,182,linkd,(---),6,343,1.89
314,40,(BG),4,2097,2097,Y,Y,-,N,-,708,496,servicesintelligenced,(---),3,7,43.35
315,40,(BG),3,6257,9505,Y,Y,-,N,-,268,169,modelcatalogd,(---),23,343,6.72
316,40,(BG),3,2401,2401,Y,Y,-,N,-,704,494,jetpackassetd,(---),3,7,43.48
317,40,(BG),3,9777,10561,-,-,-,N,-,294,507,ShortcutsTopHitsExtension,(---),0,3,0.00
318,40,(BG),3,3729,3745,N,-,-,N,-,90,75,aonsensed,(---),11,345,3.34
319,40,(BG),12,13969,14273,N,Y,-,N,-,168,115,chronod,(---),37,345,10.73
320,45,(Unknown),89,14449,14449,Y,Y,-,N,-,312,193,searchd,(---),27,343,8.14
321,45,(Unknown),5,5201,5425,Y,Y,-,N,-,649,455,hybridsearchd,(---),12,13,91.15
322,70,(-),45,5649,5969,Y,Y,-,N,-,80,70,contextstored,(---),345,345,99.88
323,70,(-),3,2113,2113,-,-,-,N,-,154,107,IOMFB_bics_daemon,(---),0,345,0.00
324,70,(-),28,6369,7969,Y,Y,-,N,-,290,180,coreduetd,(---),27,343,8.05
325,80,(UISupport),13,2049,2065,-,-,-,N,-,684,516,jetsam_priority,(---),0,1,0.00
326,80,(UISupport),15,2049,2065,-,-,-,N,-,684,517,jetsam_priority,(---),0,1,0.00
327,80,(UISupport),17,929,929,-,-,-,N,-,684,518,vm_stat,(---),0,1,0.00
328,90,(FGSupport),6,16785,17073,N,-,-,N,-,118,476,ptpd,(---),0,8,0.44
329,100,(FG),3,5937,6017,-,-,-,N,-,254,161,InputUI,(---),0,344,0.00
330,100,(FG),3,19969,110017,-,-,-,N,-,12,227,PhotosPosterProvider,(---),0,341,0.00
331,100,(FG),3,7713,10545,-,-,-,N,-,620,436,DiagnosticsReporter,(---),0,16,0.00
332,100,(FG),6,15713,16017,-,-,-,N,-,620,437,DraftingExtension-iOS,(---),0,16,0.00
333,100,(FG),3,2401,2417,-,-,-,N,-,645,481,com.apple.DiagnosticExtensions.sysdiagnose,(---),0,8,0.00
334,110,(-),3,1777,1873,Y,Y,-,N,-,586,415,notification_proxy,(---),19,19,96.56
335,110,(-),13,2849,3873,Y,Y,-,N,-,684,482,sysdiagnosed,(---),8,8,99.64
336,120,(Audio),12,8385,9201,Y,-,-,N,-,142,101,bluetoothd,(---),343,345,99.39
337,120,(Audio),3,2145,2273,N,-,-,N,-,186,124,systemstatusd,(---),0,345,0.05
338,140,(-),3,3857,3937,Y,Y,-,N,-,70,65,nfcd,(---),344,345,99.72
339,140,(-),27,18273,18529,Y,-,-,N,-,98,79,locationd,(---),344,345,99.47
340,140,(-),13,10033,11745,Y,-,-,N,-,52,56,wifid,(---),343,345,99.41
341,140,(-),3,2465,2513,Y,Y,-,N,-,182,201,com.apple.MobileAsset.DownloadService.Builtin,(---),343,343,99.99
342,140,(-),5,11553,11713,Y,-,-,N,-,94,77,sharingd,(---),342,345,99.07
343,140,(-),17,5425,5729,Y,Y,-,N,-,334,207,symptomsd,(---),341,342,99.44
344,140,(-),3,10881,11025,Y,Y,-,N,-,138,99,rapportd,(---),340,345,98.51
345,140,(-),18,5857,5857,Y,Y,-,N,-,280,175,findmydeviced,(---),338,344,98.45
346,140,(-),25,9217,10529,Y,Y,-,N,-,425,261,assetsd,(---),318,338,94.08
347,140,(-),11,3857,5281,Y,Y,-,N,-,338,209,analyticsd,(---),316,342,92.43
348,140,(-),11,9313,12865,Y,Y,-,N,-,114,87,dasd,(---),49,345,14.27
349,140,(-),11,5169,5441,Y,Y,-,N,-,250,159,calaccessd,(---),41,344,12.12
350,140,(-),3,2561,3361,Y,Y,-,N,-,463,286,aned,(---),194,334,58.17
351,140,(-),4,3889,4273,Y,Y,-,N,-,122,91,lockdownd,(---),36,345,10.46
352,140,(-),3,3041,3057,Y,Y,-,N,-,220,142,nanoregistryd,(---),44,344,12.76
353,140,(-),6,2673,2881,Y,Y,-,N,-,529,345,recentsd,(---),21,314,6.78
354,140,(-),3,2849,3169,Y,Y,-,N,-,543,386,installcoordinationd,(---),20,22,90.90
355,140,(-),28,5089,5409,Y,Y,-,N,-,582,413,itunesstored,(---),16,20,80.45
356,140,(-),19,2273,4945,Y,-,-,N,-,166,113,cfprefsd,(---),196,345,56.83
357,140,(-),3,4529,4689,Y,-,-,N,-,467,289,gpsd,(---),48,333,14.39
358,140,(-),3,7505,7505,Y,Y,-,N,-,459,465,ReportMemoryException,(---),11,11,99.85
359,140,(-),8,2913,3089,Y,Y,-,N,-,655,460,medialibraryd,(---),11,12,93.93
360,140,(-),6,6225,6449,Y,Y,-,N,-,46,53,atc,(---),18,345,5.22
361,140,(-),34,11521,13601,Y,Y,-,N,-,34,47,healthd,(---),28,345,8.33
362,140,(-),17,4497,4705,Y,Y,-,N,-,246,157,syncdefaultsd,(---),17,344,4.95
363,140,(-),27,10961,11873,N,-,-,N,-,72,66,identityservicesd,(---),35,345,10.14
364,140,(-),4,1921,1937,Y,-,-,N,-,164,112,cfprefsd,(---),93,345,27.16
365,140,(-),3,4049,4097,N,-,-,N,-,340,210,mDNSResponder,(---),0,342,0.15
366,140,(-),8,6977,12417,Y,Y,-,N,-,182,122,mobileassetd,(---),40,345,11.75
367,140,(-),3,3121,44817,N,-,-,N,-,190,126,biometrickitd,(---),6,345,2.00
368,140,(-),6,21297,134369,N,-,-,N,-,82,71,cameracaptured,(---),27,345,7.82
369,140,(-),3,3137,3217,N,-,-,N,-,92,76,timed,(---),35,345,10.24
370,140,(-),6,4913,5281,N,-,-,N,-,230,148,apsd,(---),33,344,9.57
371,140,(-),3,3665,3761,N,-,-,N,-,42,51,powerd,(---),12,345,3.74
372,140,(-),30,11121,11153,N,-,-,N,-,104,82,imagent,(---),334,345,96.68
373,140,(-),3,3217,3281,N,-,-,N,-,178,120,lsd,(---),11,345,3.22
374,140,(-),19,5233,6641,Y,Y,-,N,-,206,135,securityd,(---),47,345,13.69
375,140,(-),4,29041,29777,N,-,-,N,-,180,121,audiomxd,(---),335,345,97.17
376,140,(-),4,4833,5041,N,-,-,N,-,48,54,WirelessRadioManagerd,(---),39,345,11.45
377,150,(DriverKit),3,26257,26801,-,-,-,N,-,174,118,com.apple.DriverKit-AppleBCMWLAN,(---),0,345,0.00
378,150,(DriverKit),3,2433,2481,Y,Y,-,N,-,54,57,remoted,(---),24,345,7.10
379,160,(Home),42,89602,155746,Y,-,-,N,-,12,37,SpringBoard,(---),345,345,99.75
380,170,(RenderServer),8,145729,248641,-,-,-,N,-,86,73,backboardd,(---),0,345,0.00
381,180,(Important),14,6193,6577,-,-,-,N,-,10,35,logd,(---),0,345,0.00
382,180,(Important),3,2449,2481,-,-,-,N,-,78,69,thermalmonitord,(---),0,345,0.00
383,180,(Important),3,3265,3553,-,-,-,N,-,150,105,fseventsd,(---),0,345,0.00
384,180,(Important),3,2753,2833,-,-,-,N,-,146,103,fairplayd.H2,(---),0,345,0.00
385,180,(Important),3,5393,5441,Y,-,-,N,-,14,36,runningboardd,(---),345,345,99.82
386,180,(Important),3,1825,1825,Y,Y,-,N,-,204,406,com.apple.datamigrator,(---),20,21,98.65
387,180,(Important),10,2097,2129,Y,Y,-,N,-,604,425,filecoordinationd,(---),18,18,99.86
388,180,(Important),3,1713,1905,Y,Y,-,N,-,507,480,corecaptured,(---),8,8,99.89
389,180,(Important),214,7745,7905,Y,-,-,N,-,6,33,UserEventAgent,(---),47,346,13.84
390,180,(Important),8,3825,3905,N,-,-,N,-,36,48,configd,(---),10,346,3.05
391,180,(Important),3,2657,2705,Y,Y,-,N,-,435,266,deleted,(---),17,338,5.13
392,180,(Important),4,2273,2289,Y,Y,-,N,-,702,493,mmaintenanced,(---),3,7,50.78
393,180,(Important),3,66,66,-,-,-,N,-,332,504,HeuristicInterpreter,(---),0,4,0.00
394,180,(Important),13,4961,5505,N,-,-,N,-,124,506,PerfPowerServices,(---),1,3,52.01
395,180,(Important),3,1921,1921,N,-,-,N,-,158,109,distnoted,(---),0,346,0.21
396,180,(Important),3,1985,1985,N,-,-,N,-,68,64,watchdogd,(---),0,346,0.25
397,190,(Critical),10,12273,28849,N,-,-,N,-,148,104,CommCenter,(---),36,346,10.55
398,200,(-),13,3649,3665,N,-,-,N,-,160,110,notifyd,(---),0,346,0.17
399,210,(-),3,66,66,-,-,-,N,-,332,504,HeuristicInterpreter,(---),0,4,0.00
400,999,(-),4,13985,14177,-,-,-,N,-,3,1,launchd,(---),0,351,0.00
401,999,(-),-,225296,321216,-,-,-,-,-,3,0,kernel_task,(---),0,351,0.00
